Title,Price,MRP,Link
Qlonz Store,,,https://m.media-amazon.com/images/I/51bi6YNfiZL._AC_UL400_.jpg
Urbano Fashion,749,â‚¹749,https://m.media-amazon.com/images/I/81E2YOftvkL._AC_UL400_.jpg
Urbano Fashion,499,â‚¹499,https://m.media-amazon.com/images/I/91pvwvEDmlL._AC_UL400_.jpg
Urbano Fashion,499,â‚¹499,https://m.media-amazon.com/images/I/91CN-JrCgfL._AC_UL400_.jpg
Dennis Lingo,569,â‚¹569,https://m.media-amazon.com/images/I/61XzMtVz3PL._AC_UL400_.jpg
Amazon Brand - Inkast Denim Co.,749,â‚¹749,https://m.media-amazon.com/images/I/71ssF1s7V1L._AC_UL400_.jpg
Lymio,349,â‚¹349,https://m.media-amazon.com/images/I/71MaGTXl7ML._AC_UL400_.jpg
Dennis Lingo,499,â‚¹499,https://m.media-amazon.com/images/I/61YQd1wdQBL._AC_UL400_.jpg
Amazon Brand - Inkast Denim Co.,749,â‚¹749,https://m.media-amazon.com/images/I/71378kSwgVL._AC_UL400_.jpg
Dennis Lingo,699,â‚¹699,https://m.media-amazon.com/images/I/61XQbPxQk0L._AC_UL400_.jpg
Dennis Lingo,625,â‚¹625,https://m.media-amazon.com/images/I/716B-nsQ3LL._AC_UL400_.jpg
Dennis Lingo,617,â‚¹617,https://m.media-amazon.com/images/I/61o-uF0ObRL._AC_UL400_.jpg
Van Heusen,3556,â‚¹3556,https://m.media-amazon.com/images/I/71Bb3JoAiRL._AC_UL400_.jpg
Amazon Brand - Symbol,519,â‚¹519,https://m.media-amazon.com/images/I/71SKtvu3ShL._AC_UL400_.jpg
VATPAVE,4735,â‚¹4735,https://m.media-amazon.com/images/I/81VZrvdCsBS._AC_UL400_.jpg
Amazon Brand - Symbol,679,â‚¹679,https://m.media-amazon.com/images/I/71CWiMfC77L._AC_UL400_.jpg
Linen Club,2184,â‚¹2184,https://m.media-amazon.com/images/I/51k6bxq2Q3L._AC_UL400_.jpg
Majestic Man,439,â‚¹439,https://m.media-amazon.com/images/I/61UwVGQZs2L._AC_UL400_.jpg
IndoPrimo,499,â‚¹499,https://m.media-amazon.com/images/I/61RqedeafJL._AC_UL400_.jpg
IndoPrimo,499,â‚¹499,https://m.media-amazon.com/images/I/61QwMfrVbaL._AC_UL400_.jpg
Dennis Lingo,749,â‚¹749,https://m.media-amazon.com/images/I/511mroWTy+L._AC_UL400_.jpg
Majestic Man,438,â‚¹438,https://m.media-amazon.com/images/I/61uBH8gIIIL._AC_UL400_.jpg
Majestic Man,398,â‚¹398,https://m.media-amazon.com/images/I/61XnPWdRAWL._AC_UL400_.jpg
Miraan,569,â‚¹569,https://m.media-amazon.com/images/I/81uTb5UwUgL._AC_UL400_.jpg
The Indian Garage Co,577,â‚¹577,https://m.media-amazon.com/images/I/71BfHmJgTtL._AC_UL400_.jpg
IndoPrimo,499,â‚¹499,https://m.media-amazon.com/images/I/71yM0xUAetL._AC_UL400_.jpg
Lymio,349,â‚¹349,https://m.media-amazon.com/images/I/7181NjMrq-L._AC_UL400_.jpg
Lymio,349,â‚¹349,https://m.media-amazon.com/images/I/71On2XSPuRL._AC_UL400_.jpg
Amazon Brand - Symbol,639,â‚¹639,https://m.media-amazon.com/images/I/71Ad07jijBL._AC_UL400_.jpg
Marks & Spencer,1799,â‚¹1799,https://m.media-amazon.com/images/I/41MrSHZ+jdL._AC_UL400_.jpg
Andamen,4590,â‚¹4590,https://m.media-amazon.com/images/I/51+o0r8XbPL._AC_UL400_.jpg
fanideaz,664,â‚¹664,https://m.media-amazon.com/images/I/61r19m7PqKL._AC_UL400_.jpg
Lymio,349,â‚¹349,https://m.media-amazon.com/images/I/71UkW9i6uRL._AC_UL400_.jpg
U-TURN,398,â‚¹398,https://m.media-amazon.com/images/I/41JVgTrS9RL._AC_UL400_.jpg
LookMark,329,â‚¹329,https://m.media-amazon.com/images/I/514GBWc7ZqL._AC_UL400_.jpg
GRECIILOOKS,349,â‚¹349,https://m.media-amazon.com/images/I/611XQjUZGEL._AC_UL400_.jpg
DHRUVI TRENDZ,349,â‚¹349,https://m.media-amazon.com/images/I/61Xv6ytnYiL._AC_UL400_.jpg
Seven-day's,1050,â‚¹1050,https://m.media-amazon.com/images/I/515q4v0n9JL._AC_UL400_.jpg
GRECIILOOKS,349,â‚¹349,https://m.media-amazon.com/images/I/61vqu05tFDL._AC_UL400_.jpg
LookMark,329,â‚¹329,https://m.media-amazon.com/images/I/71pN4qrifSL._AC_UL400_.jpg
SARAAI,999,â‚¹999,https://m.media-amazon.com/images/I/81n30HZdHXL._AC_UL400_.jpg
Seven-day's,1295,â‚¹1295,https://m.media-amazon.com/images/I/91iditfWDGL._AC_UL400_.jpg
OTUS,456,â‚¹456,https://m.media-amazon.com/images/I/51zS7pyQR5L._AC_UL400_.jpg
Uiriuy,499,â‚¹499,https://m.media-amazon.com/images/I/51gJSEb-jnL._AC_UL400_.jpg
JEFF ERIC,449,â‚¹449,https://m.media-amazon.com/images/I/71-+umBrneL._AC_UL400_.jpg
DHRUVI TRENDZ,349,â‚¹349,https://m.media-amazon.com/images/I/61E+biE5SIL._AC_UL400_.jpg
Amazon Brand - Symbol,559,â‚¹559,https://m.media-amazon.com/images/I/71YrGq1rRQL._AC_UL400_.jpg
Lyriq,449,â‚¹449,https://m.media-amazon.com/images/I/71GSI04sbyL._AC_UL400_.jpg
KARGEENS,549,â‚¹549,https://m.media-amazon.com/images/I/51-7ZJ4hroL._AC_UL400_.jpg
Arrow,1009,â‚¹1009,https://m.media-amazon.com/images/I/61ZSDcZ3dpL._AC_UL400_.jpg
Lyriq,399,â‚¹399,https://m.media-amazon.com/images/I/71MF88IlVEL._AC_UL400_.jpg
Lymio,499,â‚¹499,https://m.media-amazon.com/images/I/71M5AcjY1BL._AC_UL400_.jpg
Lymio,499,â‚¹499,https://m.media-amazon.com/images/I/71eBUvqbx6L._AC_UL400_.jpg
Lymio,499,â‚¹499,https://m.media-amazon.com/images/I/618n1J9flRL._AC_UL400_.jpg
Lymio,479,â‚¹479,https://m.media-amazon.com/images/I/719s6BCIJoL._AC_UL400_.jpg
Lyriq,399,â‚¹399,https://m.media-amazon.com/images/I/71-HxdIg0UL._AC_UL400_.jpg
Amazon Brand - Symbol,629,â‚¹629,https://m.media-amazon.com/images/I/71UnjM6ErlL._AC_UL400_.jpg
Dennis Lingo,572,â‚¹572,https://m.media-amazon.com/images/I/51yIybqYFTL._AC_UL400_.jpg
JEFF ERIC,379,â‚¹379,https://m.media-amazon.com/images/I/81KYA2bRwWL._AC_UL400_.jpg
Lymio,499,â‚¹499,https://m.media-amazon.com/images/I/612xJCE7K-L._AC_UL400_.jpg
Lymio,349,â‚¹349,https://m.media-amazon.com/images/I/71KyBIWb4lL._AC_UL400_.jpg
IndoPrimo,499,â‚¹499,https://m.media-amazon.com/images/I/610Q4JEu-+L._AC_UL400_.jpg
IndoPrimo,399,â‚¹399,https://m.media-amazon.com/images/I/61DS7ymohoL._AC_UL400_.jpg
Dennis Lingo,617,â‚¹617,https://m.media-amazon.com/images/I/61gOU9HhkSL._AC_UL400_.jpg
DHRUVI TRENDZ,329,â‚¹329,https://m.media-amazon.com/images/I/519yrZ9qILL._AC_UL400_.jpg
Ben Martin,474,â‚¹474,https://m.media-amazon.com/images/I/61DsrIPP6fL._AC_UL400_.jpg
Lyriq,399,â‚¹399,https://m.media-amazon.com/images/I/718Y0aHBUgL._AC_UL400_.jpg
Lymio,349,â‚¹349,https://m.media-amazon.com/images/I/71I9tmqg68L._AC_UL400_.jpg
Lymio,349,â‚¹349,https://m.media-amazon.com/images/I/71dHMIlgc5L._AC_UL400_.jpg
Diverse,437.,â‚¹437.95,https://m.media-amazon.com/images/I/815R8WXr5PL._AC_UL400_.jpg
JEFF ERIC,399,â‚¹399,https://m.media-amazon.com/images/I/91c+7Rg3AxL._AC_UL400_.jpg
Van Heusen,979,â‚¹979,https://m.media-amazon.com/images/I/91qPVxbsbhL._AC_UL400_.jpg
HammerSmith,619,â‚¹619,https://m.media-amazon.com/images/I/81fyff8JkrL._AC_UL400_.jpg
Andamen,3590,â‚¹3590,https://m.media-amazon.com/images/I/51LU1DxoPFL._AC_UL400_.jpg
HammerSmith,699,â‚¹699,https://m.media-amazon.com/images/I/814DW5HrIXL._AC_UL400_.jpg
HammerSmith,579,â‚¹579,https://m.media-amazon.com/images/I/A1TeEwACTyS._AC_UL400_.jpg
